AZ.CRY.HH,33.5654,-116.7373,1128.0,629919000.0,629919000.0,629919000.0,1993-06-24,2599-12-31
AZ.FRD.HH,33.4947,-116.6022,1164.0,629919000.0,629919000.0,629919000.0,1993-06-05,2599-12-31
AZ.KNW.HH,33.7141,-116.7119,1507.0,629919000.0,629919000.0,629919000.0,1993-06-18,2599-12-31
AZ.LVA2.HH,33.3516,-116.5615,1435.0,629569000.0,629569000.0,629569000.0,1993-04-18,2599-12-31
AZ.MONP2.HH,32.892,-116.4223,1875.0,629919000.0,629919000.0,629919000.0,2007-09-15,2599-12-31
AZ.RDM.HH,33.63,-116.8478,1365.0,629919000.0,629919000.0,629919000.0,1993-03-07,2599-12-31
AZ.SMER.HH,33.4577,-117.1708,355.0,629919000.0,629919000.0,629919000.0,2002-07-12,2599-12-31
AZ.SND.HH,33.5519,-116.6129,1358.0,629919000.0,629919000.0,629919000.0,1993-03-07,2599-12-31
BC.CBX.HH,32.3131,-116.6636,1250.0,415789000.0,414736000.0,419999000.0,2002-02-22,2599-12-31
BC.TJX.HH,32.51017,-117.0543,210.0,271543000.0,271445000.0,271543000.0,2011-10-17,2599-12-31
BC.TKX.HH,32.5687,-116.6075,541.0,271445000.0,271445000.0,271445000.0,2011-10-11,2599-12-31
CI.ACP.HH,32.9546,-116.30338,392.0,314801000.0,314801000.0,314801000.0,2019-07-17,2599-12-31
CI.ADO.HH,34.55046,-117.43391,908.0,629865000.0,629865000.0,629865000.0,2000-08-09,2599-12-31
CI.ANG.HH,33.50328,-116.80839,1049.0,629601000.0,629601000.0,629601000.0,2023-04-04,2599-12-31
CI.AVM.HH,35.06562,-116.61549,708.0,314801000.0,314801000.0,314801000.0,2016-06-09,2599-12-31
CI.BAC.HH,33.6122,-117.0406,551.0,314800731.4,314800731.4,314800731.4,2025-05-13,2599-12-31
CI.BAR.HH,32.68005,-116.67215,529.0,629601462.9,629601462.9,629601462.9,2025-07-16,2599-12-31
CI.BBR.HH,34.2623,-116.92075,2069.0,629865000.0,629865000.0,629865000.0,2000-06-14,2599-12-31
CI.BBS.HH,33.92139,-116.98058,785.0,629865000.0,629865000.0,629865000.0,2000-09-13,2599-12-31
CI.BC3.HH,33.65515,-115.45366,1137.0,629865078.5,629865078.5,629865078.5,1997-09-20,2599-12-31
CI.BEL.HH,34.0006,-115.9982,1388.0,629865000.0,629865000.0,629865000.0,2001-03-15,2599-12-31
CI.BFS.HH,34.23883,-117.65853,1312.0,629865078.5,629865078.5,629865078.5,2001-07-10,2599-12-31
CI.BLA2.HH,34.06931,-116.38993,1245.0,629536560.4,629536560.4,629536560.4,2009-08-26,2599-12-31
CI.BOM.HH,33.36465,-115.72963,-54.0,629865078.5,629865078.5,629865078.5,2009-02-10,2599-12-31
CI.BOR.HH,33.2682,-116.41716,251.0,629601462.9,629601462.9,629601462.9,2021-07-09,2599-12-31
CI.BRE.HH,33.80776,-117.98116,24.0,624238000.0,624238000.0,624238000.0,2000-02-25,2599-12-31
CI.BTL2.HH,34.25684,-117.00543,2552.0,629601000.0,629601000.0,629601000.0,2023-08-15,2599-12-31
CI.CCT.HH,33.89626,-117.41469,301.0,629601000.0,629601000.0,629601000.0,2023-04-20,2599-12-31
CI.CFT.HH,34.03547,-117.11241,682.0,314801000.0,314801000.0,314801000.0,2023-02-09,2599-12-31
CI.CHL.HH,33.91084,-117.68368,331.0,629601000.0,629601000.0,629601000.0,2021-12-08,2599-12-31
CI.CHN.HH,33.99879,-117.68044,208.0,629865000.0,629865000.0,629865000.0,1999-10-12,2599-12-31
CI.CJM.HH,34.27117,-117.42448,1616.0,629537000.0,629537000.0,629537000.0,2020-06-27,2599-12-31
CI.CLT.HH,34.09284,-117.31687,325.0,629865000.0,629865000.0,629865000.0,1999-10-28,2599-12-31
CI.CPE.HH,32.88894,-117.1051,168.0,629601000.0,629601000.0,629601000.0,2025-02-20,2599-12-31
CI.CPO.HH,32.64266,-116.48514,838.0,314801000.0,314801000.0,314801000.0,2022-07-14,2599-12-31
CI.CPT2.HH,33.34183,-117.32502,771.0,314801000.0,314801000.0,314801000.0,2022-06-22,2599-12-31
CI.CRR.HH,32.88682,-115.96918,66.0,629601000.0,629601000.0,629601000.0,2014-06-10,2599-12-31
CI.CSH.HH,33.6442,-116.5956,1637.0,314800731.4,314800731.4,314800731.4,2023-09-07,2599-12-31
CI.CTC.HH,33.65516,-115.99006,538.0,629601000.0,629601000.0,629601000.0,2000-04-27,2599-12-31
CI.CTW.HH,33.67728,-115.87214,504.0,629536560.4,629536560.4,629536560.4,2023-09-28,2599-12-31
CI.CWP.HH,33.55798,-117.55775,242.0,629601462.9,629601462.9,629601462.9,2019-05-30,2599-12-31
CI.CYP.HH,32.90611,-116.62722,1013.0,314801000.0,314801000.0,314801000.0,2018-06-19,2599-12-31
CI.CZN.HH,33.91375,-116.78409,538.0,314800731.4,314800731.4,314800731.4,2022-05-03,2599-12-31
CI.DEV.HH,33.93597,-116.57794,337.0,629865000.0,629865000.0,629865000.0,1997-11-11,2599-12-31
CI.DGR.HH,33.65001,-117.00947,649.0,629601000.0,629601000.0,629601000.0,2023-12-14,2599-12-31
CI.DNR.HH,33.56667,-116.63056,1272.0,629601000.0,629601000.0,629601000.0,2021-07-08,2599-12-31
CI.DPP.HH,32.99889,-116.94187,463.0,629865000.0,629865000.0,629865000.0,2000-10-24,2599-12-31
CI.DSC.HH,35.14255,-116.10395,283.0,629601000.0,629601000.0,629601000.0,2002-10-29,2599-12-31
CI.DZA.HH,32.60657,-116.77477,554.0,314801000.0,314801000.0,314801000.0,2016-07-20,2599-12-31
CI.ELS2.HH,33.64907,-117.42604,841.0,629601000.0,629601000.0,629601000.0,2023-08-25,2599-12-31
CI.EML.HH,32.89083,-116.84566,159.0,629601000.0,629601000.0,629601000.0,2024-09-18,2599-12-31
CI.ERR.HH,33.11652,-115.82273,-56.0,631545000.0,632385000.0,628185000.0,2014-05-29,2599-12-31
CI.ESI2.HH,33.67493,-117.32592,388.0,314801000.0,314801000.0,314801000.0,2022-11-17,2599-12-31
CI.FHO.HH,34.09355,-116.93588,1614.0,629537000.0,629537000.0,629537000.0,2021-08-26,2599-12-31
CI.FRK.HH,33.40209,-115.63835,60.0,314768280.2,314768280.2,314768280.2,2018-09-26,2599-12-31
CI.GMA.HH,34.29148,-116.38256,848.0,629865078.5,629865078.5,629865078.5,2014-07-23,2599-12-31
CI.GOR.HH,33.1537,-117.22921,138.0,624238051.8000001,624238051.8000001,624238051.8000001,1999-06-29,2599-12-31
CI.HAY.HH,33.70734,-115.63889,458.0,626910814.5,626910814.5,626838832.1999999,2014-07-17,2599-12-31
CI.HEC.HH,34.8294,-116.335,920.0,629865078.5,629865078.5,629865078.5,1997-08-01,2599-12-31
CI.HMT2.HH,33.70811,-117.00152,593.0,629865078.5,629865078.5,629865078.5,2014-03-13,2599-12-31
CI.IDO.HH,33.79678,-116.22152,469.0,629536560.4,629536560.4,629536560.4,2020-08-05,2599-12-31
CI.IDY.HH,33.74642,-116.71536,1632.0,314801000.0,314801000.0,314801000.0,2022-06-01,2599-12-31
CI.IKP.HH,32.65012,-116.10948,906.0,629601000.0,629601000.0,629601000.0,2023-12-27,2599-12-31
CI.IMP.HH,32.90147,-115.56071,-27.0,632054706.6999999,627018414.2,628697178.4,2014-07-30,2599-12-31
CI.IVY.HH,33.76025,-117.47678,330.0,314801000.0,314801000.0,314801000.0,2022-11-17,2599-12-31
CI.JEM.HH,33.08098,-116.59755,1307.0,629601000.0,629601000.0,629601000.0,2024-02-27,2599-12-31
CI.JTH.HH,34.12644,-116.03785,609.0,314800731.4,314800731.4,314800731.4,2023-12-12,2599-12-31
CI.JVA.HH,34.36622,-116.61266,902.0,629601000.0,629601000.0,629601000.0,2021-07-14,2599-12-31
CI.KML.HH,33.59738,-117.87909,9.0,314801000.0,314801000.0,314801000.0,2022-06-29,2599-12-31
CI.KYV.HH,33.92545,-116.1734,1497.0,629601462.9,629601462.9,629601462.9,2023-02-01,2599-12-31
CI.LKH.HH,33.23598,-116.75876,847.0,629601000.0,629601000.0,629601000.0,2022-11-16,2599-12-31
CI.LLS.HH,33.68447,-117.94304,8.0,629865000.0,629865000.0,629865000.0,2000-02-01,2599-12-31
CI.LMH.HH,33.74418,-117.39135,496.0,629865000.0,629865000.0,629865000.0,2017-10-11,2599-12-31
CI.LMS.HH,33.81744,-117.445,443.0,629865000.0,629865000.0,629865000.0,2014-08-07,2599-12-31
CI.LUC2.HH,34.45638,-116.96423,886.0,629601000.0,629601000.0,629601000.0,2012-09-06,2599-12-31
CI.LUG.HH,34.3656,-117.36683,1140.0,629536560.4,629536560.4,629536560.4,1998-01-28,2599-12-31
CI.LUS.HH,33.01375,-117.16305,120.0,314768000.0,314768000.0,314768000.0,2018-06-01,2599-12-31
CI.LYP.HH,32.70333,-116.7548,886.0,314801000.0,314801000.0,314801000.0,2022-09-28,2599-12-31
CI.MCT.HH,34.22645,-116.04073,661.0,629537000.0,629537000.0,629537000.0,2001-01-24,2599-12-31
CI.MGE.HH,33.81841,-116.36874,68.0,629865000.0,629865000.0,629865000.0,1999-10-16,2599-12-31
CI.MLS.HH,34.0046,-117.56162,230.0,629865000.0,629865000.0,629865000.0,1998-03-05,2599-12-31
CI.MNO.HH,33.94738,-117.17278,564.0,314801000.0,314801000.0,314801000.0,2022-06-01,2599-12-31
CI.MOR.HH,33.50388,-117.13993,331.0,314801000.0,314801000.0,314801000.0,2022-08-02,2599-12-31
CI.MSC.HH,34.03852,-116.64795,938.0,629865000.0,629865000.0,629865000.0,2009-04-22,2599-12-31
CI.MSJ.HH,33.80801,-116.96789,466.0,629601000.0,629601000.0,629601000.0,1999-07-27,2599-12-31
CI.MTA.HH,33.42654,-117.37927,785.0,314801000.0,314801000.0,314801000.0,2022-07-06,2599-12-31
CI.MTG.HH,33.19915,-116.64727,1092.0,629536560.4,629536560.4,629536560.4,2020-07-16,2599-12-31
CI.MUR.HH,33.59999,-117.19543,562.0,629601000.0,629601000.0,629601000.0,2023-04-26,2599-12-31
CI.NBS.HH,34.78035,-116.55798,590.0,629601462.9,629601462.9,629601462.9,2025-12-04,2599-12-31
CI.NSS2.HH,33.55553,-115.94586,17.0,629536560.4,629536560.4,629536560.4,2021-08-19,2599-12-31
CI.OCP.HH,32.74755,-116.01931,155.0,314801000.0,314801000.0,314801000.0,2022-07-13,2599-12-31
CI.OLI.HH,33.94539,-117.92372,162.0,629865000.0,629865000.0,629865000.0,1999-11-23,2599-12-31
CI.OLP.HH,32.60771,-116.93019,159.0,629865000.0,629865000.0,629865000.0,2001-01-10,2599-12-31
CI.PALA.HH,33.38905,-117.03182,552.0,629865000.0,629865000.0,629865000.0,2014-08-12,2599-12-31
CI.PDU.HH,34.1207,-117.63808,445.0,629865000.0,629865000.0,629865000.0,1999-10-16,2599-12-31
CI.PER.HH,33.86164,-117.20529,468.0,622046000.0,624565000.0,624565000.0,2003-05-21,2599-12-31
CI.PGA.HH,33.4914,-117.0635,351.0,314801000.0,314801000.0,314801000.0,2022-02-16,2599-12-31
CI.PLM.HH,33.35361,-116.86265,1690.0,629601000.0,629601000.0,629601000.0,2024-02-28,2599-12-31
CI.PLR.HH,33.17349,-115.97774,54.0,629601462.9,629601462.9,629601462.9,2022-02-03,2599-12-31
CI.PLS.HH,33.7953,-117.60906,1199.0,624238000.0,624238000.0,624238000.0,1996-12-20,2599-12-31
CI.PMD.HH,33.64785,-116.37769,296.0,629865000.0,629865000.0,629865000.0,2005-05-07,2599-12-31
CI.POB2.HH,33.68708,-116.92382,999.0,629865078.5,629865078.5,629865078.5,2014-05-21,2599-12-31
CI.PSD.HH,33.82393,-116.55026,144.0,629865000.0,629865000.0,629865000.0,2005-04-13,2599-12-31
CI.PSR.HH,34.09181,-117.80709,305.0,629601000.0,629601000.0,629601000.0,2005-09-14,2599-12-31
CI.RAG.HH,34.68289,-116.15139,722.0,624238051.8000001,624238051.8000001,624238051.8000001,2014-03-18,2599-12-31
CI.RCR.HH,33.36237,-116.3096,193.0,314801000.0,314801000.0,314801000.0,2023-12-05,2599-12-31
CI.RHC2.HH,34.00088,-118.01336,362.0,629601462.9,629601462.9,629601462.9,2024-03-28,2599-12-31
CI.RHR.HH,33.29021,-117.17648,172.0,314801000.0,314801000.0,314801000.0,2023-05-18,2599-12-31
CI.RKMO.HH,33.67421,-117.60947,405.0,629865078.5,629865078.5,629865078.5,2019-03-01,2599-12-31
CI.RMM.HH,34.64384,-116.62438,1777.0,629601462.9,629601462.9,629601462.9,2023-09-12,2599-12-31
CI.RRX.HH,34.87499,-116.99681,676.0,629536560.4,629536560.4,629536560.4,2000-11-08,2599-12-31
CI.RSP.HH,34.19666,-117.12608,1645.0,629601000.0,629601000.0,629601000.0,2023-09-21,2599-12-31
CI.RSS.HH,33.97327,-117.32674,298.0,314801000.0,314801000.0,314801000.0,1999-05-27,2599-12-31
CI.RVR.HH,33.99351,-117.37545,266.0,629536560.4,629536560.4,629536560.4,1996-10-04,2599-12-31
CI.RXH.HH,33.18313,-115.62257,-59.0,314801000.0,314801000.0,314801000.0,2004-05-26,2599-12-31
CI.SBPX.HH,34.2324,-117.23484,1859.0,629601000.0,629601000.0,629601000.0,2025-05-01,2599-12-31
CI.SDG.HH,32.784,-117.13805,99.0,629601000.0,629601000.0,629601000.0,2022-09-27,2599-12-31
CI.SDR.HH,32.73561,-116.94241,111.0,629601000.0,629601000.0,629601000.0,2023-12-13,2599-12-31
CI.SIL.HH,34.34803,-116.82747,1698.0,629601000.0,629601000.0,629601000.0,2023-11-01,2599-12-31
CI.SLB.HH,33.48519,-115.86643,0.0,629536560.4,629536560.4,629536560.4,2020-08-18,2599-12-31
CI.SLH.HH,33.19269,-116.25399,208.0,629537000.0,629537000.0,629537000.0,2020-09-30,2599-12-31
CI.SLR.HH,33.83359,-116.79737,1567.0,314800731.4,314800731.4,314800731.4,2001-11-30,2599-12-31
CI.SNO.HH,34.03515,-116.80778,2339.0,314801000.0,314801000.0,314801000.0,2022-05-18,2599-12-31
CI.SRA.HH,34.60601,-115.94987,338.0,314768280.2,314768280.2,314768280.2,2018-06-26,2599-12-31
CI.SRN.HH,33.82836,-117.78941,208.0,825543000.0,830582000.0,828063000.0,2023-02-08,2599-12-31
CI.SS3.HH,34.20772,-117.49967,1604.0,629601462.9,629601462.9,629601462.9,2022-02-10,2599-12-31
CI.SSS.HH,34.03103,-117.45498,335.0,629601462.9,629601462.9,629601462.9,2023-03-23,2599-12-31
CI.STG.HH,33.664,-117.76856,49.0,629865000.0,629865000.0,629865000.0,2000-01-24,2599-12-31
CI.SUN.HH,34.21023,-117.69419,1652.0,629601000.0,629601000.0,629601000.0,2024-12-11,2599-12-31
CI.SVD.HH,34.10647,-117.09822,605.0,629865000.0,629865000.0,629865000.0,1990-12-04,2599-12-31
CI.SWP.HH,32.79184,-116.09718,264.0,314801000.0,314801000.0,314801000.0,2023-10-12,2599-12-31
CI.SWS.HH,32.94508,-115.79988,140.0,629601000.0,629601000.0,629601000.0,1997-09-20,2599-12-31
CI.TA2.HH,34.38203,-117.67822,2249.0,629865000.0,629865000.0,629865000.0,1997-02-06,2599-12-31
CI.THM.HH,33.65066,-116.07734,60.0,629601462.9,629601462.9,629601462.9,2020-09-10,2599-12-31
CI.TOR.HH,33.57526,-116.22584,4.0,629865000.0,629865000.0,629865000.0,2007-04-30,2599-12-31
CI.VLO.HH,32.97181,-116.41064,518.0,314800731.4,314800731.4,314800731.4,2023-01-12,2599-12-31
CI.VLY.HH,33.73613,-117.15652,445.0,314801000.0,314801000.0,314801000.0,2022-09-14,2599-12-31
CI.VTV.HH,34.56065,-117.3296,843.0,626244000.0,627923000.0,623725000.0,1993-04-14,2599-12-31
CI.WLT.HH,34.00948,-117.95077,107.0,629865000.0,629865000.0,629865000.0,1999-11-15,2599-12-31
CI.WMD.HH,33.03826,-115.58191,-45.0,628185438.3000001,622306697.6,621466877.5,2014-06-11,2025-06-09
CI.WWC.HH,33.94068,-116.40876,619.0,629537000.0,629537000.0,629537000.0,2022-03-17,2599-12-31
CI.WWF.HH,33.27884,-115.57888,-61.0,314801000.0,314801000.0,314801000.0,2023-03-30,2599-12-31
CI.YUH2.HH,32.64752,-115.92227,184.0,629601000.0,629601000.0,629601000.0,2023-05-04,2599-12-31
AZ.BZN.HH,33.4915,-116.667,1301.0,629919000.0,629919000.0,629919000.0,1993-06-05,2599-12-31
AZ.CPE.HH,32.8889,-117.1051,150.0,629280000.0,629280000.0,629280000.0,2004-05-04,2599-12-31
AZ.PFO.HH,33.6117,-116.4594,1259.0,629919000.0,629919000.0,629919000.0,1993-06-09,2599-12-31
AZ.TRO.HH,33.5234,-116.4257,2628.0,629919000.0,629919000.0,629919000.0,2002-04-17,2599-12-31
AZ.WMC.HH,33.5736,-116.6747,1271.0,629919000.0,629919000.0,629919000.0,1993-06-05,2599-12-31
CI.CARY.HH,33.56537,-116.73734,1153.23,629601462.9,629601462.9,629601462.9,2026-02-11,2599-12-31
CI.CFS.HN,34.10539,-117.28287,312.0,214031.5,214065.8,214065.8,2008-01-19,2599-12-31
CI.CLI2.EH,33.12112,-115.58016,-60.0,41943131.71318311,41943131.71318311,41943131.71318311,2016-05-12,2599-12-31
CI.COK2.EH,32.85053,-115.7284,-14.0,41943131.71318311,41943131.71318311,41943131.71318311,2024-11-19,2599-12-31
CI.CRN.EH,33.87574,-117.56106,204.0,71373000.81197299,71373000.81197299,71373000.81197299,1995-08-15,2599-12-31
CI.DAN.HH,34.63745,-115.38115,428.0,633798806.0,632119868.7,632119868.7,1998-09-22,2599-12-31
CI.FON.EH,34.09957,-117.43876,388.0,71968299.8495824,71968299.8495824,71968299.8495824,1995-08-10,2599-12-31
CI.FUL.EH,33.8717,-117.92251,51.0,70527375.97571741,70527375.97571741,70527375.97571741,1995-08-15,2599-12-31
CI.GFF.HH,34.92381,-115.07266,791.0,314801000.0,314801000.0,314801000.0,2022-09-21,2599-12-31
CI.GMR.HH,34.78457,-115.65994,1326.0,629601000.0,629601000.0,629601000.0,2024-02-13,2599-12-31
CI.HIW.HH,35.03998,-115.38423,1276.0,314768280.2,314768280.2,314768280.2,2019-02-26,2599-12-31
CI.HLN.EH,34.12128,-117.21897,358.0,41922467.43728223,41922467.43728223,41922467.43728223,1995-08-10,2599-12-31
CI.IDQ.EH,33.76795,-116.23897,29.0,71416570.36803688,71416570.36803688,71416570.36803688,2024-09-17,2599-12-31
CI.IRM.HH,34.15738,-115.14513,567.0,827223000.0,828902000.0,857456000.0,2001-12-05,2599-12-31
CI.LDF.HH,35.13066,-115.18416,1239.0,629537000.0,629537000.0,629537000.0,2020-08-07,2599-12-31
CI.MMC.EH,33.57304,-117.76258,55.0,41943131.71318311,41943131.71318311,41943131.71318311,2016-05-19,2599-12-31
CI.NWH.EH,33.73314,-117.75109,95.0,41922467.43728223,41922467.43728223,41922467.43728223,2016-05-19,2599-12-31
CI.OGC.EH,33.78816,-117.844,64.0,70580666.17740835,70580666.17740835,70580666.17740835,1995-10-16,2599-12-31
CI.PDW.EH,33.92397,-117.61713,166.0,41922467.43728223,41922467.43728223,41922467.43728223,2016-05-25,2599-12-31
CI.RMR.EH,34.21283,-116.576302,1663.0,225775000.0,225775000.0,225775000.0,2000-10-03,2599-12-31
CI.RSB.HN,33.9731,-117.3272,297.0,428266.29999999993,428602.2,428644.2,2011-01-26,2599-12-31
CI.SAL.EH,33.2801,-115.98585,14.0,41922467.43728223,41922467.43728223,41922467.43728223,2020-10-26,2599-12-31
CI.SAN.EH,33.70432,-117.88578,11.0,71303323.91241129,71303323.91241129,71303323.91241129,1995-08-16,2599-12-31
CI.SDD.HH,33.55259,-117.66171,120.0,630701000.0,630701000.0,626519000.0,1999-04-20,2599-12-31
CI.SIO5.HH,32.84071,-117.24969,218.41,629601462.9,629601462.9,629601462.9,2026-03-18,2599-12-31
CI.TPM.EH,34.362659,-116.082008,1049.0,8708470.0,8708470.0,8708470.0,2001-01-01,2599-12-31
CI.VCP.HH,33.23934,-117.02125,426.9,314800731.4413684,314800731.4413684,314800731.4413684,2026-05-21,2599-12-31
CI.VDJ.HH,34.18986,-114.57145,284.0,314800731.4,314800731.4,314800731.4,2023-08-30,2599-12-31
CI.WI2.EH,33.276138,-115.581543,-97.0,28423400.0,28423400.0,28423400.0,1992-09-21,2599-12-31
CI.YUC.EH,34.19675,-116.40576,1077.0,41943131.71318311,41943131.71318311,41943131.71318311,2013-04-17,2599-12-31
EN.ELM.EH,33.1772,-115.6134,-64.0,1.0,1.0,1.0,2007-12-01,2599-12-31
EN.ENG.EH,33.1477,-115.5438,-64.0,1.0,1.0,1.0,2007-12-01,2599-12-31
EN.HAT.EH,33.1705,-115.5883,-64.0,1.0,1.0,1.0,2007-12-01,2599-12-31
EN.LIN.EH,33.1473,-115.6387,-64.0,1.0,1.0,1.0,2007-12-01,2599-12-31
EN.OBS.EH,33.1752,-115.6379,-64.0,1.0,1.0,1.0,2007-12-01,2599-12-31
EN.RED.EH,33.1996,-115.6088,-64.0,1.0,1.0,1.0,2007-12-01,2599-12-31
EN.SIM.EH,33.1913,-115.545,-64.0,1.0,1.0,1.0,2007-12-01,2599-12-31
EN.YOU.EH,33.133,-115.606,-64.0,1.0,1.0,1.0,2007-12-01,2599-12-31
NP.5036.EH,34.1926,-117.42744,618.0,1.0,1.0,1.0,2016-01-14,2025-05-13
NP.5062.EH,33.17747,-115.61564,-64.0,1.0,1.0,1.0,2014-03-26,2599-12-31
NP.5241.EH,33.51237,-116.80035,1043.0,1.0,1.0,1.0,2017-01-10,2599-12-31
NP.5271.EH,33.35262,-115.73325,-96.0,1.0,1.0,1.0,2014-03-27,2599-12-31
NP.5337.EH,34.14003,-117.29392,364.0,1.0,1.0,1.0,2016-01-15,2599-12-31
NP.5375.EH,33.15569,-116.1679,117.0,1.0,1.0,1.0,2017-01-13,2025-02-10
NP.5409.EH,34.23396,-117.48244,840.0,1.0,1.0,1.0,2016-01-14,2599-12-31
NP.5442.EH,34.04905,-116.94032,1533.0,1.0,1.0,1.0,2013-03-21,2025-03-27
NP.5444.EH,33.63461,-116.09534,-10.0,1.0,1.0,1.0,2014-03-24,2599-12-31
NP.5491.EH,32.82288,-116.52931,1129.0,1.0,1.0,1.0,2018-03-07,2599-12-31
NP.5494.EH,32.95861,-116.57937,1486.0,1.0,1.0,1.0,2017-01-11,2599-12-31
PB.B081.EH,33.71117,-116.71417,1467.0,1.0,1.0,1.0,2006-06-15,2599-12-31
PB.B082.EH,33.59818,-116.59601,1374.0,1.0,1.0,1.0,2006-06-10,2599-12-31
PB.B084.EH,33.61157,-116.45637,1271.0,1.0,1.0,1.0,2006-06-18,2599-12-31
PB.B086.EH,33.5575,-116.531,1392.0,1.0,1.0,1.0,2006-06-17,2599-12-31
PB.B087.EH,33.4955,-116.60267,1139.0,1.0,1.0,1.0,2006-06-17,2599-12-31
PB.B093.EH,33.59369,-116.7641,1229.0,1.0,1.0,1.0,2007-09-21,2599-12-31
WR.PEC.EH,33.89196,-117.16135,603.0,1.0,1.0,1.0,2009-08-01,2599-12-31
ZY.MGD.EH,33.18884,-116.76064,1300.0,1.0,1.0,1.0,2010-06-23,2599-12-31
